{"depth_range": [0.5, 39.0], 
 "mag_range": [0.5, 9.5], 
 "coordinates_1": [
                   [-114.637688, 35.009865], 
                   [-115.388951, 35.598024], 
                   [-115.366984, 35.705151], 
                   [-115.314264, 35.805006], 
                   [-115.17807, 35.933207], 
                   [-115.103383, 36.022113], 
                   [-115.011123, 36.029222], 
                   [-115.055056, 36.082513], 
                   [-115.063843, 36.266975], 
                   [-114.927649, 36.327186],
                   [-114.861749, 36.429791], 
                   [-114.668441, 36.556974], 
                   [-114.580574, 36.648699], 
                   [-114.387266, 36.507539], 
                   [-114.39166, 36.401499], 
                   [-114.426807, 36.302399], 
                   [-114.4312, 36.22799], 
                   [-114.47074, 36.174798], 
                   [-114.563, 36.185439], 
                   [-114.668441, 36.192533], 
                   [-114.734341, 36.11447], 
                   [-114.765095, 36.043436], 
                   [-114.756308, 35.965225], 
                   [-114.690408, 35.869132], 
                   [-114.716768, 35.801442], 
                   [-114.699195, 35.662317], 
                   [-114.677228, 35.608743], 
                   [-114.681621, 35.472861], 
                   [-114.628901, 35.354672], 
                   [-114.611328, 35.261431], 
                   [-114.576181, 35.186043], 
                   [-114.637688, 35.009865]
                ], 
 "coordinates_2": [
                   [-118.597741, 39.142257], 
                   [-118.569854, 39.140533], 
                   [-118.56903, 39.126685], 
                   [-118.533608, 39.126685], 
                   [-118.533608, 39.113047], 
                   [-118.478417, 39.112408], 
                   [-118.477319, 39.074037], 
                   [-118.479793, 38.9369], 
                   [-118.457826, 38.9369], 
                   [-118.463779, 38.850243], 
                   [-118.617547, 38.851954], 
                   [-118.62194, 38.788613], 
                   [-118.676857, 38.790326],
                   [-118.643907, 38.754351], 
                   [-118.320995, 38.737214], 
                   [-118.329782, 38.769771], 
                   [-118.316602, 38.793751], 
                   [-118.279258, 38.7869], 
                   [-118.274865, 38.841686], 
                   [-118.233128, 38.83484], 
                   [-118.233128, 38.812587], 
                   [-118.169424, 38.762918], 
                   [-118.101327, 38.766344], 
                   [-118.048607, 38.732072], 
                   [-117.919003, 38.877617], 
                   [-118.022247, 39.026279], 
                   [-118.048607, 39.067234], 
                   [-118.03982, 39.120099], 
                   [-118.031034, 39.179738], 
                   [-118.022247, 39.286961], 
                   [-118.318798, 39.268251], 
                   [-118.597741, 39.142257]
                ]
}
